﻿Designator,Quantity,Value,Footprint,Package,MPN,DNP,Mount_Type,Description,Digikey,Manufacturer#,Manufacturer
"C1, C3, C5",3,C-2.2uF-100V-1210,C_1210_3225Metric,,,,smt,Unpolarized capacitor,399-13375-2-ND,C1210C225K1RACAUTO,KEMET
"C10, C8",2,C-2.2uF-35V-0603,C_0603_1608Metric,,,,smt,Unpolarized capacitor,490-10486-6-ND,GRM188R6YA225MA12D,Murata Electronics
"C11, C12, C13, C14, C15, C16, C17, C18, C19, C20, C21, C22, C23, C24, C25, C26",16,C-0.1uF-25V-0603,C_0603_1608Metric,,,,smt,0.1 µF ±10% 50V Ceramic Capacitor X7R 0603 (1608 Metric),1276-1935-1-ND,CL10B104KB8NNWC,Samsung Electro-Mechanics
"C2, C4, C6",3,C-0.022uF-100V-1210,C_1210_3225Metric,,,,smt,Unpolarized capacitor,445-2347-1-ND,C3225C0G2A223J160AA,TDK Corporation
"C7, C9",2,C-0.022uF-50V-0603,C_0603_1608Metric,,,,smt,Unpolarized capacitor,399-C0603C223J5RAC7867CT-ND,C0603C223J5RAC7867,KEMET
J1,1,2-5174225-5,2-5174225-5,,,,tht,"Plug, Cable-to-Board, 68 Position, 1.27 mm [.05 in] Centerline, 2 Row, Square, Standard Profile, AMPLIMITE 0.50 Series, PCB D-Sub Connectors",A33476-ND,2-5174225-5,TE Connectivity AMP Connectors
J2,1,A28400-151,A28400-151,,,,tht,,,A28400-151,Omnetics
"Q1, Q2, Q3, Q4, Q5, Q6, Q7, Q8",8,LSJ689-SOT23,SOT-23-6,,,,smt,"Dual P-JFET transistor, gate/drain/source -The LSJ689 high performance, P-Channel, monolithic dual JFET features extremely low noise, tight offset voltage and low drift",,,
R1,1,R-3.6M-0603,R_0603_1608Metric,,,,smt,Resistor,P3.6MGCT-ND,ERJ-3GEYJ365V,Panasonic Electronic Components
"R10, R11, R14, R15, R18, R19, R22, R23, R26, R27, R3, R30, R31, R34, R6, R7",16,R-20k-0603,R_0603_1608Metric,,,,smt,Resistor,MCT0603-20.0K-CFCT-ND,MCT06030C2002FP500,Vishay Beyschlag
"R12, R13, R16, R17, R20, R21, R24, R25, R28, R29, R32, R33, R4, R5, R8, R9",16,R-3k-0603,R_0603_1608Metric,,,,smt,Resistor,,,
R2,1,R-10k-0603,R_0603_1608Metric,,,,smt,Resistor,YAG1236CT-ND,RT0603BRD0710KL,Yageo
